<?xml version="1.0" encoding="UTF-8"?>
<!DOCTYPE mapper
	PUBLIC "-//mybatis.org//DTD Mapper 3.0//EN"
	"http://mybatis.org/dtd/mybatis-3-mapper.dtd">

<!-- mapper 경로 지정 -->
<mapper namespace="com.shark.mapper.GuestMapper">
	<!-- list -->
	<!-- resultType 에 복수형(ArrayList 등)을 적는게 아님, 그냥 dto 단수의 경로를 적어야 함 -->
	<select id="getList" resultType="com.shark.dto.GuestDto">
		SELECT * FROM tbl_guest
	</select>
	
	<!-- read -->
	<select id="read" resultType="com.shark.dto.GuestDto">
		<!-- #{bno} <- mybatis 문법 -->
		<!-- 매퍼 인터페이스의 read 함수의 매개변수로 넘어오는 값을 받아 처리하는 sql문 -->
		<!-- 매개변수로 넘어온 값을 sql 에 삽입하려면 해당 변수명을 #{}로 묶으면 안에 값이 뿅 나옴 -->
		SELECT * FROM tbl_guest WHERE bno = #{bno}
	</select>
	
	<!-- delete -->
	<delete id="del">
		<!-- #{bno} <- mybatis 문법 -->
		<!-- 매퍼 인터페이스의 del 함수의 매개변수로 넘어오는 값을 받아 처리하는 sql문 -->
		<!-- 매개변수로 넘어온 값을 sql 에 삽입하려면 해당 변수명을 #{}로 묶으면 안에 값이 뿅 나옴 -->
		DELETE FROM tbl_guest WHERE bno = #{bno}
	</delete>
	
	<!-- write -->
	<insert id="write">
		<!-- #{bno} <- mybatis 문법 -->
		<!-- 매퍼 인터페이스의 write 함수의 매개변수로 넘어오는 값을 받아 처리하는 sql문 -->
		<!-- 매개변수로 넘어온 값을 sql 에 삽입하려면 해당 변수명을 #{}로 묶으면 안에 값이 뿅 나옴 -->
		INSERT INTO tbl_guest (btext) VALUES (#{btext})
	</insert>
	
	<!-- edit -->
	<update id="edit">
		UPDATE tbl_guest SET btext = #{btext} WHERE bno = #{bno}
	</update>
</mapper>