<?xml version="1.0" encoding="UTF-8"?>
<!DOCTYPE mapper
	PUBLIC "-//mybatis.org//DTD Mapper 3.0//EN"
	"http://mybatis.org/dtd/mybatis-3-mapper.dtd">
<mapper namespace="com.shark.mapper.TestMapper">
	<select id="getData1" resultType="com.shark.dto.TestDto">
		SELECT no,str_data FROM tbl_test WHERE no =1
	</select>
	<select id="getData2" resultType="com.shark.dto.TestDto">
		SELECT no,str_data FROM tbl_test WHERE no =2
	</select>
	<select id="getData3" resultType="com.shark.dto.TestDto">
		SELECT no,str_data FROM tbl_test WHERE no =3
	</select>
	<select id="getData4" resultType="com.shark.dto.TestDto">
		SELECT no,str_data FROM tbl_test WHERE no =4
	</select>
	
	<!-- 🦈1+2 개발🦈 문제 1 -->
	<update id="updateVisitantCount">
		UPDATE tbl_visitant_count set count = 200
	</update>
	
	<!-- 🦈1+2 개발🦈 문제 2 -->
	<insert id="insertDoodle">
		INSERT INTO tbl_doodle VALUES ("shark")  <!-- ; 찍으면 안됨 -->
	</insert>
	
	<!-- 🦈1+2 개발🦈 문제 3 -->
	<delete id="delTest">
		DELETE FROM tbl_test_del WHERE NO = 1    <!-- ; 찍으면 안됨 -->
	</delete>
</mapper>