<?xml version="1.0" encoding="UTF-8"?>
<beans xmlns="http://www.springframework.org/schema/beans"
	xmlns:context="http://www.springframework.org/schema/context"
	xmlns:xsi="http://www.w3.org/2001/XMLSchema-instance"
	xmlns:mybatis-spring="http://mybatis.org/schema/mybatis-spring"
	
	xsi:schemaLocation="
		http://mybatis.org/schema/mybatis-spring
		http://mybatis.org/schema/mybatis-spring-1.2.xsd
		http://www.springframework.org/schema/beans
		https://www.springframework.org/schema/beans/spring-beans.xsd
		http://www.springframework.org/schema/context
		https://www.springframework.org/schema/context/spring-context.xsd">
	
	<!-- Root Context: defines shared resources visible to all other web components -->
	<!-- 내가 추가한거 -->
	<!-- 커넥션 풀 - 아파치 - Commons DBCP 2.8.0 아파치꺼 썼음, 히카리 등등 여러가지 있음. -->
	<!-- 참고: 빈 = 스프링이 싱글톤 방식으로 알아서 관리하는 객체 -->
	<!-- DataSource 란? "데이터의 출처", "데이터로 가는 길"이라는 의미. -->
	<!-- 즉, DB에 접근할수 있는 연결(Connection)의 공급원이라는 뜻 -->
	<bean id="dataSource"
	    class="org.apache.commons.dbcp2.BasicDataSource"
	    destroy-method="close">
<!-- 	    destory-method="close" -> 서버 종료시 커넥션 풀 정리 -->
		
			<!-- DB연결 -->
			<!-- log4jdbc.log4j2 때문에 기존 코드 주석친것 -->
			
			<property name="driverClassName"
				value="com.mysql.cj.jdbc.Driver" />
			<!-- DB, DB포트명에 맞게 수정 -->
			<property name="url"
				value="jdbc:mysql://localhost:3306/my_cat" />
			
			<!-- log4jdbc.log4j2 때문에 수정 삽입한 부분 -->
<!-- 			<property name="driverClassName" value="net.sf.log4jdbc.sql.jdbcapi.DriverSpy" /> -->
<!-- 			<property name="url" value="jdbc:log4jdbc:mysql://localhost:3306/my_cat" /> -->
			<!-- log4jdbc.log4j2 때문에 수정 삽입한 부분 끝 -->
			
			<!-- 본인 MySQL ID,PassWord 에 맞게 수정 -->
			<property name="username" value="root" />
			<property name="password" value="root" />
	    </bean>
	    
	    <!-- 내가 추가한거 -->
	    <!-- SQLSessionFactiory -->
	    <!-- 이 설정이 바로: "MyBatis야, DB 연결할땐 이 dataSource를 써!" 라고 알려주는 부분 -->
	    <!-- 이 ID 값은 spring 에 약속되어있는 ID임, MyBatis와 연결하는 -->
	    <bean id="sqlSessionFactory"
	        class="org.mybatis.spring.SqlSessionFactoryBean">
	        <property name="dataSource" ref="dataSource" />
	    </bean>
	    
	    <!-- 내가 추가한거 -->
	    <!-- MyBatis - mapper 설정 -->
	        <!-- 이 태그의 의미: "이 패키지 안에 있는 Mapper 인터페이스들을 스프링이 자동으로 찾아서, -->
	        <!-- sqlSessionFactory를 이용해서 MyBatis와 연결하라" 라는 뜻 -->
<!-- 	    <mybatis-spring:scan -->
<!-- 	        base-package="com.shark.spring.mapper" /> <- 본인의 패키지명에 맞게 수정할것  -->
	    <!-- 아마 위 코드대로 하면 Mapper 할때 오류가 날텐데, 중간의 spring을 빼는게 원래는 맞음 이거 많이 실수함 -->
	    <mybatis-spring:scan base-package="com.shark.mapper" />
	    
	    <!-- 내가 추가한거 -->
	    <!-- 이 설정으로 @Service 어노테이션이 있는 패키지를 스캔(조사) 하게됨, 여기를 순찰한다 라는 표현 -->
	    <!-- 단순히 이 코드만 넣으면 오류가 날텐데 xml은 context: 같은것을 사용할때 그것의 정의가 필요함 -->
	    <!-- 그게 안뜬다는 오류임, ** ctrl + shift + o, ctrl + speace 둘다 안먹음 중요 ** -->
	    <!-- 아마 오류 뜬 줄에 마우스 가져다 대면 이런게 나올꺼임 -->
	    <!-- The prefix "context" for element "context:component-scan" is not bound -->
	    <context:component-scan base-package="com.shark.service" />
	        		
</beans>
